<?xml version="1.0" encoding="UTF-8"?>
<!DOCTYPE mapper PUBLIC "-//mybatis.org//DTD Mapper 3.0//EN" "http://mybatis.org/dtd/mybatis-3-mapper.dtd">

<mapper namespace="com.yunlizhihui.tools.dao.YlRouteDao">

    <resultMap type="com.yunlizhihui.tools.entity.YlRouteEntity" id="ylRouteMap">
        <result property="id" column="id"/>
        <result property="name" column="name"/>
        <result property="path" column="path"/>
        <result property="pid" column="pid"/>
        <result property="parent" column="parent"/>
        <result property="template" column="template"/>
        <result property="generate" column="generate"/>
        <result property="username" column="username" />
    </resultMap>
    <select id="getRoute" resultMap="ylRouteMap">
        SELECT
          u.*
        FROM
          yl_route u
        WHERE u.id = #{id}
    </select>
    <select id="getSubList" resultMap="ylRouteMap">
        SELECT
          u.*
        FROM
          yl_route u
        WHERE u.pid = #{id}
    </select>
    <select id="getRootChildren" resultMap="ylRouteMap">
        SELECT
          u.*
        FROM
          yl_route u
        WHERE u.pid is null and u.username=#{username}
    </select>
</mapper>